City,Country,Date,Cloudiness,Humidity,Latitude,Longitude,Max Temp,Wind Speed
Noblesville,US,1592584415,0,45,40.05,-86.01,88.0,1.01
Cabo San Lucas,MX,1592583924,5,45,22.89,-109.91,93.2,3.36
George Town,MY,1592583915,20,94,5.41,100.34,80.6,2.08
Punta Arenas,CL,1592584510,90,100,-53.15,-70.92,33.8,12.75
Ponta do Sol,PT,1592583915,40,73,32.67,-17.1,71.6,13.87
Den Helder,NL,1592584511,75,72,52.96,4.76,73.0,11.41
Touros,BR,1592584511,90,100,-5.2,-35.46,75.2,11.41
Krasnosel'kup,RU,1592584507,85,49,65.7,82.47,50.54,13.73
Saskylakh,RU,1592584511,36,48,71.92,114.08,68.56,6.78
Sittwe,MM,1592584511,83,82,20.15,92.9,82.65,9.64
Mayo,US,1592584512,75,83,38.89,-76.51,79.0,11.41
Cape Town,ZA,1592584387,0,48,-33.93,18.42,73.0,14.99
Ushuaia,AR,1592584388,90,93,-54.8,-68.3,35.6,4.7
Villa Carlos Paz,AR,1592584512,43,34,-31.42,-64.5,64.99,24.16
Albany,US,1592584512,35,65,42.6,-73.97,86.0,5.73
Bambous Virieux,MU,1592584512,75,68,-20.34,57.76,72.0,14.99
Coahuayana Viejo,MX,1592584512,40,57,18.73,-103.68,80.6,4.38
Cherskiy,RU,1592584512,63,44,68.75,161.3,71.8,1.95
Oriximiná,BR,1592584224,9,57,-1.77,-55.87,87.89,7.85
Paita,PE,1592584513,0,65,-5.09,-81.11,77.0,13.87
Bakchar,RU,1592584513,46,84,57.02,82.07,42.13,3.04
Pevek,RU,1592584513,18,66,69.7,170.31,42.15,4.07
Kjøllefjord,NO,1592584513,90,75,70.95,27.35,44.6,20.8
Piranhas,BR,1592584513,98,38,-16.43,-51.82,85.42,8.16
Mar del Plata,AR,1592584314,99,76,-38.0,-57.56,62.01,17.22
Dikson,RU,1592584383,0,89,73.51,80.55,34.39,6.53
Touba,CI,1592584514,100,77,8.28,-7.68,80.64,4.09
Bathsheba,BB,1592584314,75,83,13.22,-59.52,82.4,13.87
Mataura,NZ,1592584514,100,83,-46.19,168.86,39.0,3.0
Busselton,AU,1592584515,31,75,-33.65,115.33,46.0,9.46
Alofi,NU,1592583710,2,77,-19.06,-169.92,68.0,5.82
Salalah,OM,1592583948,75,94,17.02,54.09,82.4,5.82
Praia da Vitória,PT,1592584515,75,68,38.73,-27.07,69.8,8.21
Maumere,ID,1592583968,59,81,-8.62,122.21,79.68,10.56
Maceió,BR,1592583844,75,65,-9.67,-35.74,82.4,21.92
Oranjemund,NA,1592584516,0,43,-28.55,16.43,67.26,8.19
Khovd,MN,1592583954,100,27,48.01,91.64,67.5,4.7
Hīt,IQ,1592584368,0,14,33.64,42.83,88.43,9.33
Tuktoyaktuk,CA,1592584517,90,87,69.45,-133.04,42.8,6.93
Ingham,US,1592584373,1,39,42.6,-84.38,84.2,3.36
Doha,QA,1592584517,0,59,25.29,51.53,98.6,9.17
Ribeira Grande,PT,1592584517,75,77,38.52,-28.7,69.8,16.11
Thompson,CA,1592583917,90,93,55.74,-97.86,41.0,8.05
Pisco,PE,1592583740,75,68,-13.7,-76.22,68.0,11.41
Taltal,CL,1592584382,24,55,-25.4,-70.48,65.19,3.87
Port Alfred,ZA,1592584518,0,53,-33.59,26.89,63.0,9.98
Rikitea,PF,1592584297,100,89,-23.12,-134.97,73.35,17.65
Kapaa,US,1592584345,40,78,22.08,-159.32,77.0,18.34
Pombas,CV,1592584519,40,58,17.15,-25.02,82.4,28.86
Mexico,PH,1592584519,75,83,15.06,120.72,77.0,3.36
Jamestown,US,1592584505,75,60,42.1,-79.24,81.0,4.7
Avarua,CK,1592584519,18,64,-21.21,-159.78,71.6,5.82
Qaanaaq,GL,1592584519,90,81,77.48,-69.36,36.0,2.39
Banda Aceh,ID,1592584162,80,78,5.56,95.32,80.85,7.94
Katsuura,JP,1592583928,75,88,35.13,140.3,68.0,10.29
Nanortalik,GL,1592583974,100,86,60.14,-45.24,40.14,6.78
Saint George,US,1592584265,1,17,37.1,-113.58,79.0,5.82
Hermanus,ZA,1592584520,0,66,-34.42,19.23,64.09,9.6
Codrington,AU,1592583960,78,83,-38.27,141.97,51.64,12.8
Lamu,KE,1592584520,52,79,-2.27,40.9,77.85,17.74
Nur-Sultan,KZ,1592584393,73,41,51.18,71.45,57.2,6.71
Upernavik,GL,1592584521,3,81,72.79,-56.15,36.81,10.2
Khanpur,PK,1592584463,0,18,28.65,70.66,105.87,17.0
Portland,US,1592583681,75,68,45.52,-122.68,68.0,2.77
Barrow,US,1592584521,90,93,71.29,-156.79,35.6,12.75
Kaitangata,NZ,1592584521,100,81,-46.28,169.85,41.0,8.99
Puerto Ayora,EC,1592584521,20,69,-0.74,-90.35,77.0,19.46
Ayan,RU,1592583958,60,91,56.45,138.17,42.37,3.31
Burnie,AU,1592584522,96,78,-41.07,145.92,55.99,7.0
Āsasa,ET,1592584522,50,73,7.1,39.2,58.37,1.79
Karratha,AU,1592584243,0,45,-20.74,116.85,71.78,6.26
Kamenka,RU,1592584522,5,52,51.32,42.77,79.0,9.69
Fortuna,US,1592584234,20,87,40.6,-124.16,62.01,3.36
Vila,PT,1592583966,0,63,42.03,-8.16,75.0,9.17
Arganil,PT,1592584522,0,55,40.22,-8.05,72.0,5.01
Santiago de María,SV,1592584522,28,62,13.48,-88.47,89.6,2.13
Honningsvåg,NO,1592584523,40,65,70.98,25.97,46.4,10.29
Port Keats,AU,1592584523,68,54,-14.25,129.55,72.59,8.16
Andenes,NO,1592584523,0,70,69.31,16.12,48.2,14.99
San Cristobal,VE,1592583971,40,52,7.77,-72.22,87.8,29.97
Saint-Philippe,RE,1592584523,98,68,-21.36,55.77,71.6,25.28
Saint Paul Harbor,US,1592584523,90,87,57.79,-152.41,48.2,5.1
Dudinka,RU,1592583925,75,76,69.41,86.18,48.2,17.9
Penzance,GB,1592584342,20,82,50.12,-5.54,64.0,11.41
Lüderitz,NA,1592583639,0,21,-26.65,15.16,80.6,9.17
Srednekolymsk,RU,1592584337,0,36,67.45,153.68,72.68,6.96
Batesville,US,1592584524,1,51,35.77,-91.64,86.0,9.17
Fukuechō,JP,1592584524,25,76,32.69,128.84,71.44,18.05
Bredasdorp,ZA,1592583925,0,63,-34.53,20.04,62.6,2.53
Rassvet,RU,1592584524,99,47,46.83,40.75,75.11,14.79
Mahébourg,MU,1592583950,75,68,-20.41,57.7,71.6,14.99
Egvekinot,RU,1592584525,100,50,66.32,-179.17,52.2,2.3
Hobart,AU,1592584069,90,87,-42.88,147.33,44.6,5.82
Pacific Grove,US,1592584525,90,82,36.62,-121.92,57.2,4.7
Altus,US,1592584525,75,51,34.64,-99.33,86.0,10.29
Ko Samui,TH,1592584525,20,74,9.54,99.94,84.2,15.75
Mukhen,RU,1592584525,10,95,48.1,136.1,44.62,0.96
San Patricio,MX,1592584306,5,78,19.22,-104.7,82.4,9.17
Westport,US,1592583977,1,65,41.14,-73.36,81.0,10.29
Hilo,US,1592584412,40,83,19.73,-155.09,73.4,5.82
Byron Bay,AU,1592584149,75,100,-28.65,153.62,57.2,5.82
Gogrial,SS,1592584526,100,76,8.53,28.1,78.03,3.96
Nautanwa,IN,1592584526,100,88,27.43,83.42,79.25,5.77
Kurchum,KZ,1592584526,24,37,48.57,83.65,68.32,0.45
Ketchikan,US,1592583671,90,100,55.34,-131.65,55.4,5.82
Hithadhoo,MV,1592584527,97,70,-0.6,73.08,84.52,3.6
Torbay,CA,1592584311,90,87,47.67,-52.73,59.0,12.75
Kropotkin,RU,1592584527,96,80,45.44,40.58,66.0,4.32
Yar-Sale,RU,1592583947,16,60,66.83,70.83,44.67,12.93
Myrhorod,UA,1592584527,95,79,49.97,33.61,71.98,15.03
Boca do Acre,BR,1592584527,1,67,-8.75,-67.4,86.43,0.81
Eldorado,BR,1592584527,0,52,-23.79,-54.28,81.18,10.96
Qasigiannguit,GL,1592584527,40,26,68.82,-51.19,57.2,18.34
Bilma,NE,1592584528,3,9,18.69,12.92,104.5,7.11
Fort Nelson,CA,1592583708,40,72,58.81,-122.7,66.2,3.36
Cidreira,BR,1592584284,88,83,-30.18,-50.21,63.63,7.99
Udachny,RU,1592584528,70,62,66.42,112.4,61.54,8.66
Okakarara,NA,1592584528,0,38,-20.58,17.43,53.71,7.11
Broken Hill,AU,1592583952,90,47,-31.95,141.43,59.0,10.29
Seymchan,RU,1592584393,35,75,62.88,152.43,57.9,3.94
Korla,CN,1592583935,25,39,41.76,86.15,73.63,14.5
El Dorado,US,1592584529,1,58,33.21,-92.67,84.2,4.7
Vaini,TO,1592584529,20,83,-21.2,-175.2,73.4,9.17
Maposeni,TZ,1592584529,20,49,-10.58,35.4,73.4,8.05
Santa Margherita Ligure,IT,1592584529,8,73,44.33,9.21,72.0,1.01
Yulara,AU,1592583933,0,54,-25.24,130.99,53.6,9.17
Mossamedes,AO,1592583956,56,48,-15.2,12.15,86.0,17.22
Norman Wells,CA,1592584529,75,72,65.28,-126.83,66.2,8.05
Palestine,PS,1592584529,40,69,31.92,35.2,78.01,13.87
Tasiilaq,GL,1592584530,75,93,65.61,-37.64,41.0,13.87
Koutiala,ML,1592584530,58,29,12.39,-5.46,97.0,7.65
Okhotsk,RU,1592583931,57,95,59.38,143.3,43.2,4.23
Banjar,ID,1592584530,75,94,-8.19,114.97,82.4,11.41
Port Augusta,AU,1592584530,0,81,-32.5,137.77,48.99,8.05
Timbó,BR,1592584530,11,1,-26.82,-49.27,84.99,2.19
Hong Kong,HK,1592583948,90,74,22.29,114.16,84.0,7.52
Cândido Mendes,BR,1592584530,8,68,-1.45,-45.72,84.87,7.67
St. George's,GD,1592584409,20,70,12.06,-61.75,87.8,23.04
New Norfolk,AU,1592584240,100,87,-42.78,147.06,46.99,0.65
Faanui,PF,1592583934,19,78,-16.48,-151.75,80.11,6.44
Zyryanka,RU,1592584531,0,45,65.75,150.85,69.6,2.06
Pangnirtung,CA,1592583948,90,100,66.15,-65.71,35.6,10.29
Bethel,US,1592584506,20,54,41.37,-73.41,81.0,6.93
Murmashi,RU,1592584532,75,81,68.82,32.81,44.6,8.95
Pilot Butte,CA,1592584532,75,66,50.47,-104.42,51.8,2.24
Mount Gambier,AU,1592583976,90,93,-37.83,140.77,48.2,10.29
Geraldton,AU,1592584267,0,71,-28.77,114.6,51.8,6.93
Baley,RU,1592584533,30,77,51.6,116.63,50.38,1.61
Bida,NG,1592584533,96,67,9.08,6.02,85.1,1.25
Revelstoke,CA,1592584533,75,77,50.98,-118.2,59.0,1.7
Margate,GB,1592584359,54,63,51.38,1.39,66.99,5.99
Alice,US,1592584533,75,78,27.75,-98.07,86.0,10.29
Ukiah,US,1592584201,1,49,39.15,-123.21,75.0,2.73
Olinda,BR,1592584357,75,78,-8.01,-34.86,82.4,13.87
Hasaki,JP,1592583963,40,93,35.73,140.83,64.4,5.82
Ivolginsk,RU,1592584534,40,67,51.75,107.28,62.6,4.47
Santiago del Estero,AR,1592584534,22,38,-27.8,-64.26,76.87,12.48
Douglas,US,1592584534,40,73,41.3,-96.17,71.01,3.36
Kavaratti,IN,1592584534,100,78,10.57,72.64,84.31,13.44
Chokurdakh,RU,1592584534,45,34,70.63,147.92,76.57,4.41
Roebourne,AU,1592584534,0,47,-20.78,117.13,71.47,5.06
Aklavik,CA,1592583935,90,81,68.22,-135.01,51.8,11.41
Lorengau,PG,1592584383,5,74,-2.02,147.27,82.31,4.72
Henties Bay,NA,1592584535,0,36,-22.12,14.28,78.01,9.98
Santa Maria,BR,1592584535,75,73,-29.68,-53.81,73.4,5.82
Raja,SS,1592584535,100,89,8.46,25.68,73.0,1.74
Aginskoye,RU,1592584535,25,41,51.1,114.53,56.17,5.53
Port Shepstone,ZA,1592584535,0,78,-30.74,30.45,63.73,14.74
East London,ZA,1592584536,0,48,-33.02,27.91,67.62,8.14
Mochudi,BW,1592584536,0,36,-24.42,26.15,60.8,3.36
Madang,PG,1592584536,42,87,-5.22,145.8,77.74,2.06
Berlevåg,NO,1592584536,90,75,70.86,29.09,44.6,20.8
Pittsburg,US,1592584362,1,56,38.03,-121.88,77.0,8.05
Tiarei,PF,1592584536,20,88,-17.53,-149.33,75.2,3.36
Butaritari,KI,1592584536,77,71,3.07,172.79,81.79,3.04
Acapulco de Juárez,MX,1592584512,40,74,16.86,-99.89,82.4,5.82
Tezu,IN,1592584537,27,77,27.92,96.17,78.24,3.15
Curaçá,BR,1592584537,16,43,-8.99,-39.91,86.9,14.7
Atuona,PF,1592584537,38,76,-9.8,-139.03,80.24,15.48
Carballo,ES,1592584537,14,61,43.21,-8.69,71.01,5.99
Namatanai,PG,1592584537,14,81,-3.67,152.43,79.54,4.0
Severo-Kuril'sk,RU,1592584537,100,92,50.68,156.12,41.41,16.31
Bluff,NZ,1592584537,100,83,-46.6,168.33,39.0,3.0
Asău,RO,1592583977,47,69,46.43,26.4,73.0,2.95
Broome,US,1592584300,75,64,42.25,-75.83,79.0,3.67
Villamontes,BO,1592584538,0,34,-21.25,-63.5,88.5,5.57
São Filipe,CV,1592584538,0,72,14.9,-24.5,78.26,11.01
Lavrentiya,RU,1592583978,6,52,65.58,-171.0,49.39,9.93
Morehead,US,1592584506,1,54,37.27,-87.18,86.0,4.7
Reidsville,US,1592584424,40,69,36.35,-79.66,79.0,5.12
Tutóia,BR,1592584538,54,62,-2.76,-42.27,86.29,9.98
Chui,UY,1592584539,38,60,-33.7,-53.46,62.76,7.58
Soyo,AO,1592584346,20,65,-6.13,12.37,82.4,8.05
Promyshlennyy,RU,1592584539,100,85,67.58,63.92,45.59,15.19
Nuenen,NL,1592584539,75,49,51.47,5.55,73.99,10.29
Arraial do Cabo,BR,1592583855,71,54,-22.97,-42.03,82.4,3.36
Caniço,PT,1592584539,40,73,32.63,-16.85,71.6,13.87
Morón,AR,1592584186,75,87,-34.65,-58.62,60.01,4.7
Naze,JP,1592583688,90,88,28.37,129.48,78.8,5.82
Vostok,RU,1592583962,27,100,46.49,135.88,42.94,1.14
Dzaoudzi,YT,1592584262,100,69,-12.79,45.27,78.8,17.22
Jiazi,CN,1592584540,94,86,22.88,116.07,81.46,7.9
Minot,US,1592584350,75,48,48.23,-101.3,63.0,14.99
Arlit,NE,1592584301,22,9,18.74,7.39,106.63,1.36
Padang,ID,1592584541,100,78,-0.95,100.35,78.98,3.76
Ahipara,NZ,1592584541,100,85,-35.17,173.17,56.62,12.71
Lata,PT,1592583975,0,55,40.16,-8.33,72.0,5.01
Noumea,NC,1592584541,75,88,-22.28,166.46,66.2,6.93
Abonnema,NG,1592584541,75,63,4.71,6.79,91.4,6.93
Sisimiut,GL,1592584264,11,61,66.94,-53.67,45.5,10.74
Khatanga,RU,1592584541,53,64,71.97,102.5,54.93,15.1
Port Hardy,CA,1592584311,75,93,50.7,-127.42,60.8,3.36
Mildura,AU,1592583977,90,71,-34.2,142.15,51.8,3.36
São José da Coroa Grande,BR,1592583951,85,84,-8.9,-35.15,78.21,15.5
Sarkhej,IN,1592584542,20,70,22.98,72.5,89.6,11.41
Fort Saint James,CA,1592584542,98,47,54.43,-124.25,69.62,5.37
Sinnamary,GF,1592584360,32,71,5.38,-52.95,84.11,9.53
Lichuan,CN,1592584542,97,94,30.3,108.85,61.63,3.62
Kargasok,RU,1592584343,86,95,59.06,80.86,40.23,7.63
Kalmunai,LK,1592583964,99,74,7.42,81.82,84.78,3.71
Woodward,US,1592584317,90,93,36.43,-99.39,68.0,11.41
São João da Barra,BR,1592583958,100,54,-21.64,-41.05,84.2,11.41
Pangoa,PE,1592584543,3,50,-12.12,-73.0,84.69,3.13
Belaya Gora,RU,1592584346,43,40,68.53,146.42,72.59,3.78
Buckeye,US,1592584516,1,22,33.37,-112.58,91.0,6.93
Lodeynoye Pole,RU,1592584543,7,65,60.73,33.55,65.93,11.9
Nikolskoye,RU,1592584544,40,50,59.7,30.79,75.2,11.18
Longyearbyen,SJ,1592584544,40,80,78.22,15.64,41.0,17.22
Fairbanks,US,1592584231,90,93,64.84,-147.72,57.2,1.79
Kunming,CN,1592584545,40,93,25.04,102.72,68.0,13.42
Carnarvon,AU,1592584545,0,93,-24.87,113.63,59.0,5.82
Laas,IT,1592584545,40,87,46.62,10.7,48.2,4.7
Las Vegas,US,1592584357,1,9,36.17,-115.14,86.0,4.43
Dinkelsbühl,DE,1592584546,1,68,49.07,10.32,68.0,7.14
Souillac,MU,1592584546,75,68,-20.52,57.52,71.6,14.99
Forbes,AU,1592584547,99,76,-33.38,148.02,55.99,3.0
Nowy Targ,PL,1592584547,75,88,49.48,20.03,68.0,3.36
Vardø,NO,1592584297,96,79,70.37,31.11,43.9,23.91
Port Elizabeth,ZA,1592584275,0,55,-33.92,25.57,60.8,2.24
Bam,IR,1592584548,57,11,29.11,58.36,91.87,2.21
Guerrero Negro,MX,1592584273,3,61,27.98,-114.06,69.55,15.19
Chapais,CA,1592584548,1,35,49.78,-74.85,86.0,11.41
Solnechnyy,RU,1592584363,100,91,50.72,136.63,47.19,5.23
Sawtell,AU,1592584548,90,93,-30.38,153.1,55.99,5.14
Qorveh,IR,1592584548,0,25,35.17,47.8,66.94,6.76
Los Llanos de Aridane,ES,1592584313,20,65,28.66,-17.92,78.8,13.87
Mgandu,TZ,1592584549,96,54,-5.95,34.13,69.12,6.26
Lompoc,US,1592584549,90,87,34.64,-120.46,60.8,3.36
Hambantota,LK,1592583976,20,79,6.12,81.12,84.2,8.05
Kunya,NG,1592584549,75,83,12.22,8.53,73.4,14.99
San Quintín,MX,1592584392,80,62,30.48,-115.95,66.02,8.23
Phek,IN,1592584550,100,100,25.67,94.5,64.87,0.22
Yellowknife,CA,1592584397,20,58,62.46,-114.35,59.0,16.11
Vila Velha,BR,1592584395,75,94,-20.33,-40.29,75.0,6.93
Mardin,TR,1592584550,20,21,37.31,40.74,89.6,13.87
Aksarka,RU,1592584550,91,54,66.56,67.8,52.2,6.98
Sinegor'ye,RU,1592584550,81,78,62.08,150.48,55.71,1.99
Nome,US,1592584550,75,82,64.5,-165.41,59.0,4.7
Teya,RU,1592584320,100,76,60.38,92.63,59.56,3.36
Dingle,PH,1592584325,84,82,11.0,122.67,75.88,1.43
Porto-Novo,BJ,1592583969,40,74,6.5,2.6,84.2,8.05
Tura,IN,1592583963,79,95,25.52,90.22,76.15,4.63
Christchurch,NZ,1592584428,12,100,-43.53,172.63,45.0,8.05
Campbell River,CA,1592584552,75,72,50.02,-125.24,66.2,3.36
Petropavlovsk-Kamchatskiy,RU,1592584552,90,100,53.05,158.65,41.0,2.24
Beringovskiy,RU,1592583967,44,59,63.05,179.32,47.91,7.02
Alekseyevsk,RU,1592584381,0,76,57.84,108.35,52.99,3.65
Kahului,US,1592584277,40,73,20.89,-156.47,77.0,14.99
Helong,CN,1592584552,27,86,42.54,129.0,54.37,2.73
Esim,GH,1592583967,99,73,4.87,-2.24,80.89,10.0
Clyde River,CA,1592584552,75,86,70.47,-68.59,33.8,11.41
Bondoukou,CI,1592584553,65,65,8.03,-2.8,83.21,3.51
Avera,US,1592583959,75,88,33.19,-82.53,84.2,1.81
Castro,BR,1592584553,1,63,-24.79,-50.01,70.83,8.79
Harwich,GB,1592584553,40,63,51.94,1.28,66.99,13.87
Iqaluit,CA,1592584553,90,80,63.75,-68.51,39.2,9.17
Plettenberg Bay,ZA,1592584553,0,37,-34.05,23.37,68.09,8.59
Nabire,ID,1592584553,75,86,-3.37,135.48,76.89,3.76
Zhuhai,CN,1592584553,20,83,22.28,113.57,87.01,10.29
Zhigansk,RU,1592583981,10,52,66.77,123.37,62.46,4.76
Ayorou,NE,1592584554,75,22,14.73,0.92,102.09,12.44
San Andrés,CO,1592583952,40,74,12.58,-81.7,87.8,13.87
Thinadhoo,MV,1592584334,53,68,0.53,72.93,84.87,1.28
Sørland,NO,1592583974,10,81,67.67,12.69,51.8,13.87
Te Anau,NZ,1592583974,88,85,-45.42,167.72,35.71,1.48
Somerset,US,1592584506,1,61,40.57,-74.55,82.99,3.36
Same,TZ,1592584554,50,72,-4.07,37.73,67.75,5.21
Boulder City,US,1592584548,1,11,35.98,-114.83,84.99,9.17
Kuching,MY,1592584555,40,100,1.55,110.33,77.0,2.24
Conway,US,1592584555,1,62,35.09,-92.44,84.2,5.82
Benguela,AO,1592584555,20,74,-12.58,13.41,80.6,6.93
Freetown,SL,1592584555,75,66,8.48,-13.23,86.0,6.93
Kamaishi,JP,1592584555,98,84,39.27,141.88,63.82,2.13
Provideniya,RU,1592584556,27,45,64.38,-173.3,56.14,4.36
Aegviidu,EE,1592584556,20,41,59.29,25.61,75.2,11.41
Ténenkou,ML,1592584556,84,28,14.46,-4.92,100.02,3.85
Paamiut,GL,1592584556,100,89,61.99,-49.67,37.4,8.39
Verāval,IN,1592584556,86,78,20.9,70.37,85.73,17.27
Dhārchula,IN,1592584556,46,66,29.85,80.53,70.11,2.95
Haines Junction,CA,1592584556,97,52,60.75,-137.51,57.16,4.76
Saldanha,ZA,1592584557,0,35,-33.01,17.94,71.6,9.17
Prizren,XK,1592584557,40,31,42.21,20.74,78.8,5.82
Am Timan,TD,1592584557,0,59,11.03,20.28,84.81,6.53
Nantucket,US,1592584557,90,88,41.28,-70.1,68.0,10.29
Talnakh,RU,1592584557,75,76,69.49,88.4,48.2,17.9
Río Gallegos,AR,1592584318,40,100,-51.62,-69.22,30.2,11.41
Maltahöhe,NA,1592584557,0,35,-24.83,16.98,57.16,10.25
Barra de Tecoanapa,MX,1592584558,100,55,16.52,-98.75,88.99,5.46
Luján,AR,1592584558,78,77,-34.57,-59.1,57.99,1.99
Hamilton,US,1592584361,1,57,39.18,-84.53,84.99,4.81
Tiksi,RU,1592584558,0,60,71.69,128.87,58.87,7.81
Trairi,BR,1592584558,16,69,-3.28,-39.27,84.36,12.26
Colesberg,ZA,1592584558,0,49,-30.72,25.1,48.2,6.44
Dawei,MM,1592584558,100,89,14.08,98.2,75.96,1.9
Kumul,CN,1592584558,66,17,42.8,93.45,85.95,11.32
Sisa,PE,1592584559,1,45,-6.62,-76.69,87.91,4.0
Prachuap Khiri Khan,TH,1592584265,66,83,11.82,99.78,79.97,5.79
Airai,TL,1592584559,99,100,-8.93,125.41,56.89,3.8
Constitución,CL,1592584559,61,82,-35.33,-72.42,57.11,5.7
Song Phi Nong,TH,1592584559,100,58,14.22,100.02,91.0,7.34
Ust-Kuyga,RU,1592584388,0,57,70.02,135.6,68.68,2.44
Kawalu,ID,1592584560,94,93,-7.38,108.21,72.73,1.3
Veroli,IT,1592584560,93,65,41.69,13.42,75.0,2.89
Bonnyville,CA,1592584560,75,44,54.27,-110.73,59.0,8.05
Santa Cruz de Tenerife,ES,1592584461,20,56,28.47,-16.25,72.0,9.17
Rocha,UY,1592584246,50,58,-34.48,-54.33,63.52,7.23
Goldsboro,US,1592584359,75,83,35.38,-77.99,78.8,5.82
Causapscal,CA,1592584561,4,26,48.35,-67.23,92.43,10.85
Adrar,MR,1592584561,0,9,20.5,-10.07,106.68,9.73
Arinos,BR,1592584561,10,43,-15.92,-46.11,83.53,5.5
Quatre Cocos,MU,1592584561,75,68,-20.21,57.76,72.0,14.99
Qaqortoq,GL,1592584059,75,37,60.72,-46.03,51.8,14.99
Santiago de Cao,PE,1592584561,0,74,-7.96,-79.24,67.48,13.82
Cortez,US,1592584561,1,26,37.35,-108.59,73.99,3.36
Bilibino,RU,1592584327,75,44,68.05,166.44,66.38,2.35
Linxia Chengguanzhen,CN,1592584562,23,66,35.6,103.21,62.13,2.08
Juxtlahuaca,MX,1592584562,99,58,17.43,-99.15,83.73,2.59
Stornoway,GB,1592584562,75,93,58.21,-6.39,57.2,6.93
Dubbo,AU,1592584562,90,87,-32.25,148.62,51.8,8.05
Puerto Palomas,MX,1592584562,1,9,31.77,-107.62,82.4,6.93
Kimbe,PG,1592584562,14,89,-5.55,150.14,75.58,4.25
Mogadishu,SO,1592584562,66,82,2.04,45.34,78.33,17.96
Cayenne,GF,1592584205,75,62,4.93,-52.33,87.8,9.17
Hirara,JP,1592584363,93,86,24.8,125.28,83.89,15.82
Luanda,AO,1592584539,20,88,-8.84,13.23,75.2,9.17
Salina,US,1592584563,90,93,38.84,-97.61,69.01,5.82
La Rioja,ES,1592584563,46,32,42.25,-2.5,82.4,9.17
Altay,CN,1592584563,67,41,47.87,88.12,57.58,5.55
San Ignacio,BZ,1592584564,75,79,17.16,-89.07,84.2,4.7
Aksu,CN,1592584564,29,33,41.12,80.26,70.29,6.29
Takoradze,GH,1592584564,71,78,4.88,-1.76,79.97,11.01
Mopti,ML,1592584564,78,46,14.67,-4.0,93.2,6.93
Erbil,IQ,1592584564,0,16,36.19,44.01,91.4,14.99
Leningradskiy,RU,1592584564,71,65,69.38,178.42,44.24,3.47
Gondanglegi,ID,1592584564,87,86,-7.75,112.01,74.1,9.04
Ossora,RU,1592584565,0,87,59.24,163.07,47.48,4.16
Palana,RU,1592583970,23,94,59.12,159.97,42.49,4.76
Gizo Government Station,SB,1592584392,13,77,-8.1,156.84,81.97,3.29
Tuatapere,NZ,1592584565,98,83,-46.13,167.68,39.0,3.0
Baykit,RU,1592584565,100,56,61.67,96.37,61.43,4.16
Yamada,JP,1592584565,99,89,39.47,141.95,62.85,0.67
Marawi,PH,1592584565,100,91,8.0,124.29,77.0,4.0
Padampur,IN,1592584565,1,20,29.68,73.62,103.84,12.57
Sambava,MG,1592584566,100,92,-14.27,50.17,70.16,20.6
Nuevo Progreso,MX,1592584566,20,58,23.17,-97.95,89.01,1.99
Dabou,CI,1592584566,20,74,5.33,-4.38,84.2,12.75
Nicoya,CR,1592584497,40,70,10.15,-85.45,84.2,3.36
Kavieng,PG,1592584566,4,75,-2.57,150.8,81.91,2.68
Gallup,US,1592584566,1,13,35.53,-108.74,75.0,13.87
Xai-Xai,MZ,1592583975,9,83,-25.05,33.64,64.49,5.57
Pacifica,US,1592584567,20,72,37.61,-122.49,66.99,6.93
Mittagong,AU,1592584567,37,89,-34.45,150.45,57.99,1.01
Yichang,CN,1592584568,86,81,30.71,111.28,70.0,0.45
Tamisan,PH,1592584568,100,79,6.84,126.3,79.21,4.99
Nizwá,OM,1592584383,74,32,22.93,57.53,94.24,11.48
Maunabo,PR,1592584568,22,73,18.01,-65.9,89.01,8.99
Northam,GB,1592584320,46,86,51.03,-4.22,60.01,7.0
Manado,ID,1592584435,40,94,1.49,124.85,75.2,3.36
Bantogon,PH,1592584569,100,82,6.53,124.03,77.77,3.53
Ulaangom,MN,1592584335,3,43,49.98,92.07,60.46,2.39
Vao,NC,1592584569,16,82,-22.67,167.48,69.71,14.83
Narsaq,GL,1592584569,75,37,60.92,-46.05,51.8,14.99
Kosh-Agach,RU,1592584569,31,44,50.0,88.67,53.42,4.43
Rosetta,EG,1592584569,40,69,31.4,30.42,78.8,11.41
Patterson,US,1592584569,1,27,37.47,-121.13,82.99,5.82
Samarai,PG,1592584570,51,85,-10.62,150.67,78.69,13.33
Pavino,RU,1592584570,66,72,59.11,46.14,65.95,7.96
Bengkulu,ID,1592584570,61,90,-3.8,102.27,76.19,4.47
Chochola,MX,1592584570,75,74,20.75,-89.83,86.0,12.75
Shemordan,RU,1592584570,3,81,56.19,50.4,57.16,7.23
Yining,CN,1592584385,88,89,29.04,114.56,72.48,1.05
Tara,RU,1592584646,56,88,56.89,74.37,40.12,6.26
Piripiri,BR,1592584646,24,52,-4.27,-41.78,89.13,5.97
Dolores,AR,1592584646,98,57,-36.31,-57.68,59.49,6.96
Carutapera,BR,1592584647,5,80,-1.2,-46.02,82.53,9.33
Härnösand,SE,1592584647,1,60,62.63,17.94,71.01,9.17
Kargat,RU,1592584647,77,86,55.2,80.28,44.8,5.61
Muriwai Beach,NZ,1592584647,35,97,-36.82,174.45,53.01,7.0
Richards Bay,ZA,1592584327,0,84,-28.78,32.04,62.56,2.42
Khasan,RU,1592584373,4,89,42.43,130.64,55.96,1.88
Mahon,ES,1592584647,93,50,39.89,4.27,75.2,9.17
Ferkessédougou,CI,1592584648,87,47,9.6,-5.2,89.42,7.85
Abu Dhabi,AE,1592584548,5,75,24.47,54.37,91.4,6.93
Abalak,RU,1592584648,54,66,58.13,68.59,43.59,3.69
Rumoi,JP,1592584648,18,89,43.93,141.64,51.76,3.71
Channel-Port aux Basques,CA,1592584648,0,85,47.57,-59.14,58.78,4.21
Elko,US,1592584648,1,33,41.0,-115.5,64.0,4.7
Homer,US,1592584649,1,71,59.64,-151.55,51.8,5.82
Ormara,PK,1592584649,0,83,25.21,64.64,85.01,11.23
Orbetello,IT,1592584649,20,64,42.44,11.22,75.2,13.87
Pokhara,NP,1592584387,100,80,28.23,83.98,73.74,2.44
São Francisco,BR,1592584649,69,48,-15.95,-44.86,83.25,5.55
Mulegé,MX,1592584649,0,26,26.88,-111.98,92.03,6.29
Ginda,IN,1592584649,40,78,30.69,78.49,82.4,3.36
Quelimane,MZ,1592584214,75,83,-17.88,36.89,71.6,5.82
Arrondissement de Saint-Denis,FR,1592584650,70,63,48.92,2.33,70.0,5.82
Adwa,ET,1592584650,100,62,14.16,38.9,65.89,1.23
Kaeo,NZ,1592584326,98,93,-35.1,173.78,57.0,17.0
Plouzané,FR,1592584650,75,72,48.38,-4.62,62.6,16.11
Biscarrosse,FR,1592584651,12,56,44.39,-1.17,69.8,9.17
Coyhaique,CL,1592584651,40,81,-45.58,-72.07,42.8,8.05
General Roca,AR,1592584421,0,33,-39.03,-67.58,59.0,16.11
San Juan,AR,1592584360,0,26,-31.54,-68.54,65.62,14.88
Olafsvik,IS,1592584653,28,69,64.89,-23.71,52.32,10.36
Safi,MA,1592584654,0,67,32.3,-9.24,70.97,25.43
Kasamwa,TZ,1592584654,70,56,-2.85,32.43,70.11,1.3
Flin Flon,CA,1592584655,90,86,54.77,-101.86,41.0,4.7
Palauig,PH,1592584655,100,76,15.44,119.9,81.34,4.97
Sortland,NO,1592584655,0,58,68.69,15.42,55.4,13.87
Shihezi,CN,1592584655,79,33,44.3,86.03,71.8,6.26
Sabzawār,IR,1592584655,0,18,36.21,57.68,93.2,9.17
San Policarpo,PH,1592584656,0,82,12.18,125.51,79.72,4.29
Ixtapa,MX,1592584543,5,74,20.7,-105.2,84.0,8.05
Kayes,ML,1592584656,62,47,14.0,-11.0,96.8,4.7
Isangel,VU,1592584656,90,94,-19.55,169.27,71.6,14.07
Dalby,AU,1592584389,43,89,-27.18,151.27,55.0,8.68
Inhambane,MZ,1592584657,40,82,-23.86,35.38,68.0,4.7
Denton,US,1592584364,75,58,33.2,-97.13,88.0,17.22
Kamiiso,JP,1592584657,98,89,41.82,140.65,59.02,3.24
Priboj,BA,1592584657,40,39,44.6,18.93,80.6,2.06
Buraidah,SA,1592584657,0,16,26.33,43.98,100.4,11.41
Mayor Pablo Lagerenza,PY,1592584657,0,32,-19.93,-60.77,93.4,18.23
Langsa,ID,1592584657,97,89,4.47,97.97,76.14,1.86
Nova Granada,BR,1592584658,30,39,-20.53,-49.31,78.8,5.82
Prince Rupert,CA,1592584222,75,100,54.32,-130.32,55.4,2.24
Chazuta,PE,1592584658,4,43,-6.57,-76.14,92.1,0.89
Mareeba,AU,1592584658,75,77,-17.0,145.43,69.8,8.05
Eyl,SO,1592584658,84,63,7.98,49.82,83.5,25.99
Verkhnevilyuysk,RU,1592584658,34,66,63.45,120.32,59.79,4.16
Jinji,CN,1592584658,39,86,23.23,110.83,77.85,2.01
‘Ewa Beach,US,1592584659,1,69,21.32,-158.01,75.2,13.87
Zhezkazgan,KZ,1592584338,11,27,47.8,67.71,62.6,13.42
Tommot,RU,1592584659,89,88,58.96,126.29,52.99,1.19
Maromitsa,RU,1592584659,60,80,59.87,48.01,64.56,10.25
Arman',RU,1592584659,44,91,59.7,150.17,46.92,4.85
Bulancak,TR,1592584659,75,83,40.94,38.23,73.4,8.05
Amahai,ID,1592584659,41,86,-3.33,128.92,77.56,3.47
Flinders,AU,1592584660,36,89,-34.58,150.86,57.99,1.01
Saint Anthony,US,1592584310,1,64,45.02,-93.22,72.0,8.05
Poções,BR,1592584660,33,66,-14.53,-40.37,75.51,7.63
Uruaçu,BR,1592584661,10,33,-14.52,-49.14,86.02,6.76
Assiut,EG,1592584661,0,28,27.18,31.18,95.0,12.75
Huarmey,PE,1592584662,0,63,-10.07,-78.15,70.38,12.21
Kralendijk,BQ,1592584663,75,66,12.15,-68.27,87.8,20.8
Poum,NC,1592584664,1,75,-20.23,164.02,72.28,8.86
Half Moon Bay,US,1592584664,40,72,37.46,-122.43,70.0,3.36
Ürümqi,CN,1592584664,58,40,43.8,87.6,69.8,4.47
Maniitsoq,GL,1592584235,40,85,65.42,-52.9,40.42,17.11
Jumla,NP,1592584665,89,73,29.27,82.18,63.32,2.68
Harper,LR,1592584335,83,76,4.38,-7.72,80.24,9.91
Saint-Augustin,CA,1592584666,100,64,51.23,-58.65,51.48,11.41
Mandalgovi,MN,1592584667,58,55,45.76,106.27,65.05,21.09
Shubarshi,KZ,1592584668,0,31,48.59,57.19,70.43,14.56
Omboué,GA,1592584668,84,85,-1.57,9.26,73.98,8.39
Saiha,IN,1592584447,100,93,22.48,92.97,72.61,2.35
Akranes,IS,1592584669,60,54,64.32,-22.07,57.2,13.87
Belyy Yar,RU,1592584265,74,77,53.6,91.39,60.8,4.47
La Serena,CL,1592584600,78,55,-29.91,-71.25,62.6,3.36
Sarab,IR,1592584669,3,29,38.61,44.99,74.5,4.23
Raudeberg,NO,1592584669,20,53,61.99,5.14,80.6,5.82
Paka,MY,1592584669,96,88,4.64,103.44,78.8,4.7
Saint-François,FR,1592584672,53,46,46.42,3.91,69.8,9.17
Nyurba,RU,1592584300,13,86,63.28,118.33,56.77,4.05
Kalach-na-Donu,RU,1592584673,100,33,48.69,43.53,86.0,8.95
Ippy,CF,1592584673,86,87,6.27,21.22,72.28,0.85
Vrangel',RU,1592584673,22,88,42.73,133.08,51.71,2.57
Deputatsky,RU,1592584673,2,53,69.3,139.9,63.48,1.83
Hammerfest,NO,1592584347,75,65,70.66,23.68,44.6,20.8
Zwedru,LR,1592584674,100,94,6.07,-8.13,76.08,2.91
Jeremoabo,BR,1592584674,61,64,-10.07,-38.48,81.18,12.57
Kirensk,RU,1592584674,0,76,57.79,108.11,52.93,3.6
Ilulissat,GL,1592584674,40,26,69.22,-51.1,57.2,18.34
Barra Patuca,HN,1592584674,94,66,15.8,-84.28,84.79,7.2
Oodweyne,SO,1592584187,4,49,9.41,45.06,80.74,16.62
Keti Bandar,PK,1592584674,14,84,24.14,67.45,86.54,11.27
Port Lincoln,AU,1592584339,13,81,-34.73,135.87,53.91,13.33
Ostrovnoy,RU,1592584675,100,74,68.05,39.51,42.85,23.26
Rawson,AR,1592584066,24,39,-43.3,-65.1,56.25,27.65
Green River,US,1592584675,1,50,41.53,-109.47,55.4,3.94
Paracuru,BR,1592584675,75,66,-3.41,-39.03,86.0,11.41
Dover,US,1592584395,20,69,39.16,-75.52,80.6,5.82
Weston,US,1592584675,100,71,26.1,-80.4,90.0,11.36
Zhangaözen,KZ,1592584676,60,13,43.3,52.8,88.83,7.07
Akureyri,IS,1592584676,40,62,65.68,-18.09,55.4,10.29
Eureka,US,1592584676,48,100,40.8,-124.16,62.01,3.0
Road Town,VG,1592584676,20,62,18.42,-64.62,89.6,9.17
Hofn,IS,1592584676,79,66,64.25,-15.21,53.6,11.41
Palora,EC,1592584676,90,94,-1.7,-77.93,68.0,3.36
Galle,LK,1592584677,78,87,6.04,80.22,81.77,8.43
Arrondissement de Bayonne,FR,1592584677,75,64,43.33,-1.42,72.0,11.41
Pilar,BR,1592584677,75,65,-9.6,-35.96,82.4,21.92
Caucayá,CO,1592584677,62,85,-0.19,-74.78,81.55,3.83
Barysh,RU,1592584677,0,80,53.66,47.11,59.04,5.82
Chara,RU,1592584678,87,76,56.91,118.26,46.92,0.54
Superior,US,1592584519,1,60,46.72,-92.1,73.0,8.05
Shingū,JP,1592584678,54,88,33.73,135.98,62.92,6.82
Grand-Lahou,CI,1592584678,51,77,5.14,-5.02,79.88,10.33
Empório,GR,1592584678,65,22,40.48,21.55,78.8,6.93
Klaksvík,FO,1592584660,89,72,62.23,-6.59,59.0,3.36
Kirakira,SB,1592584380,100,82,-10.45,161.92,78.93,8.03
Panzhihua,CN,1592584678,89,75,26.59,101.71,75.63,1.66
Concordia,AR,1592584679,75,77,-31.39,-58.02,62.6,6.93
Rudnichnyy,RU,1592584679,48,66,59.62,52.47,62.17,10.42
Stephenville,US,1592584340,75,58,32.22,-98.2,84.99,12.75
Basse,DE,1592584681,98,60,52.55,9.51,73.4,16.11
Bonthe,SL,1592584681,100,85,7.53,-12.51,78.28,9.62
Muros,ES,1592584389,1,73,42.78,-9.06,66.0,8.99
Dunedin,NZ,1592584682,98,78,-45.87,170.5,44.01,11.99
Presidencia Roque Sáenz Peña,AR,1592584682,0,55,-26.79,-60.44,87.01,4.0
Bethanien,NA,1592584682,0,28,-26.5,17.16,64.27,15.17
Jiuquan,CN,1592584682,100,18,39.74,98.52,82.36,16.51
Tilichiki,RU,1592584682,0,93,60.47,166.1,45.52,1.97
Port Hawkesbury,CA,1592584682,1,43,45.62,-61.35,93.99,10.29
Batagay-Alyta,RU,1592584682,61,43,67.8,130.41,64.42,1.66
Lincoln,US,1592584201,40,73,40.8,-96.67,71.01,10.29
Guider,CM,1592584683,20,52,9.93,13.95,93.2,3.36
Ballina,AU,1592584683,75,100,-28.87,153.57,57.2,5.82
Fuerte Olimpo,PY,1592584683,34,39,-21.04,-57.87,91.2,13.94
Pingliang,CN,1592584683,89,74,35.54,106.69,64.22,4.03
Erzin,TR,1592584683,64,81,36.96,36.2,73.99,1.63
Ancud,CL,1592584679,20,81,-41.87,-73.82,53.01,11.41
Lingao,CN,1592584684,96,80,19.91,109.69,81.79,9.95
Etchoropo,MX,1592584684,1,56,26.77,-109.67,90.0,5.99
Hefei,CN,1592584684,87,100,31.86,117.28,75.0,4.47
Wau,SS,1592584684,73,74,7.7,28.0,76.89,3.98
Suffolk,US,1592584684,1,57,40.87,-72.8,78.8,6.93
Esperance,AU,1592584684,90,81,-33.87,121.9,48.2,5.82
Mezen',RU,1592584684,30,73,65.85,44.24,44.02,16.4
Rockland,US,1592584685,27,64,41.17,-74.05,82.99,1.01
Ede,NL,1592584685,75,56,52.03,5.66,73.0,11.41
Corinth,GR,1592584334,20,22,37.94,22.96,91.4,10.58
Dengzhou,CN,1592584325,27,64,37.81,120.75,72.01,5.46
Jurm,AF,1592584296,4,32,36.86,70.83,65.88,2.13
Pathein,MM,1592584369,99,89,16.78,94.73,78.22,5.99
Paralímni,CY,1592584685,20,58,35.04,33.98,84.99,11.41
Adiaké,CI,1592584685,20,74,5.29,-3.3,84.2,12.75
Praia,CV,1592584686,20,54,14.92,-23.51,84.2,19.46
Deniliquin,AU,1592584564,69,87,-35.53,144.97,55.96,6.11
Caucaia,BR,1592584686,75,66,-3.74,-38.65,86.0,11.41
Talara,PE,1592584686,0,65,-4.58,-81.27,77.0,13.87
Comodoro Rivadavia,AR,1592584686,33,44,-45.87,-67.5,53.6,32.21
Xining,CN,1592584235,67,53,36.62,101.77,61.72,1.99
Whitley Bay,GB,1592584645,40,77,55.04,-1.45,62.6,8.05
Tonj,SS,1592584687,95,74,7.27,28.68,78.06,3.53
Pāvilosta,LV,1592584687,80,88,56.89,21.19,71.6,3.36
Casale Monferrato,IT,1592584687,0,52,45.13,8.46,81.0,5.06
Khuzhir,RU,1592584687,61,60,53.19,107.34,47.97,0.58
Champerico,GT,1592584687,20,70,14.3,-91.92,87.8,4.7
Mount Vernon,US,1592584683,40,39,40.91,-73.84,84.2,10.29
Ulaanbaatar,MN,1592584455,40,42,47.91,106.88,68.0,8.95
Bucerías,MX,1592584687,5,74,20.75,-105.33,84.0,8.05
Saint-Pierre,RE,1592584688,91,68,-21.34,55.48,71.6,25.28
Nador,MA,1592584688,0,41,35.17,-2.93,78.8,11.41
Zhangye,CN,1592584688,100,21,38.93,100.45,81.01,13.2
Teknāf,BD,1592584688,100,86,20.86,92.31,81.21,8.41
Husavik,IS,1592584688,40,62,66.04,-17.34,55.4,10.29
Riacho de Santana,BR,1592584688,40,51,-13.61,-42.94,82.4,10.29
Valle Hermoso,MX,1592584689,75,88,25.67,-97.83,87.8,10.29
Grand Gaube,MU,1592584689,91,70,-20.01,57.66,72.0,8.99
Wanning,CN,1592584317,100,88,18.8,110.4,81.93,8.99
São Félix do Xingu,BR,1592584689,20,44,-6.64,-51.99,86.99,6.71
Hūn,LY,1592584689,0,8,29.13,15.95,104.4,10.09
Morristown,US,1592584450,75,73,36.21,-83.29,75.99,9.17
Pochutla,MX,1592584689,75,74,15.74,-96.47,84.99,4.45
Cootamundra,AU,1592584690,96,82,-34.65,148.03,55.0,1.01
Bud,US,1592584690,1,45,39.45,-86.18,87.01,5.82
Tigil',RU,1592584690,1,89,57.8,158.67,46.83,2.55
Sobolevo,RU,1592584319,82,76,54.43,31.9,74.41,3.87
Bell Ville,AR,1592584690,63,65,-32.63,-62.69,64.99,1.99
Liaocheng,CN,1592584690,68,56,36.44,115.96,73.67,8.52
Maraã,BR,1592584690,42,87,-1.83,-65.37,82.58,2.89
Vanimo,PG,1592584691,36,82,-2.67,141.3,78.94,2.48
Manokwari,ID,1592584691,0,70,-0.87,134.08,79.77,3.58
Chālūs,IR,1592584691,0,74,36.66,51.42,80.6,4.56
Sabang,ID,1592584363,80,78,5.89,95.32,83.39,11.77
Villafranca de los Barros,ES,1592584691,0,24,38.56,-6.34,84.99,5.99
Hollola,FI,1592584691,19,60,61.05,25.43,73.99,5.01
Calatayud,ES,1592584692,90,82,41.35,-1.64,82.4,8.05
Villazón,BO,1592584692,0,25,-22.09,-65.59,59.67,6.2
Otorohanga,NZ,1592584692,32,98,-38.18,175.2,52.0,1.41
Dalian,CN,1592584692,96,57,38.91,121.6,75.2,2.24
Gijang,KR,1592584649,75,68,35.24,129.21,71.6,6.93
Parnamirim,BR,1592584692,90,100,-5.92,-35.26,75.2,14.99
Vitim,RU,1592584255,26,90,59.45,112.56,54.61,4.74
Sechura,PE,1592584693,2,56,-5.56,-80.82,75.87,10.71
Salinópolis,BR,1592584693,24,82,-0.61,-47.36,82.02,11.27
